Model,F1_clean,F1,F1_drop
knn_euclidean_k5,0.9242424242424242,0.543859649122807,0.38038277511961716
svm_rbf,0.9007633587786259,0.5319148936170213,0.36884846516160463
logreg,0.8709677419354839,0.6226415094339622,0.24832623250152164
knn_dtw_k5,0.8444444444444444,0.782608695652174,0.061835748792270495
